BOLLAM SUNIL, MSCS22R002, sunilbollam17@gmail.com
GURUPRASADA V, MSAI22R009, guruprasadv9620@gmail.com
HIBA K, MSDS22R006, hibamoideen3009@gmail.com,
RITWIK MAL, MSAI22R014, ritwik.mal8@gmail.com
ROSHINI,MSDS22R010, roshinigeo99@gmail.com
SREEDHU CJ, MSCS22R015, sreedhujayarajsree@gmail.com

